customer_id,customer_name,segment,first_order_date,first_order_year,last_order_date,order_count,is_repeat_customer,lifetime_sales,lifetime_profit
KB-16600,Ken Brennan,Corporate,2014-12-30,2014,2017-12-29,7,true,983.9220,293.5524
AS-10285,Alejandro Savely,Corporate,2016-05-21,2016,2017-12-11,6,true,3214.2360,354.6276
JG-15115,Jack Garza,Consumer,2014-09-21,2014,2015-12-03,3,true,2358.6760,684.1911
SS-20140,Saphhira Shifley,Corporate,2014-11-23,2014,2017-12-15,8,true,1324.0280,332.3487
HP-14815,Harold Pawlan,Home Office,2014-05-06,2014,2017-11-30,7,true,1990.3140,373.8637
DB-13060,Dave Brooks,Consumer,2014-03-01,2014,2017-12-14,7,true,4531.6460,473.0272
MD-17350,Maribeth Dona,Consumer,2014-11-05,2014,2017-09-04,7,true,3766.3820,-241.9500
TG-21640,Trudy Glocke,Consumer,2014-03-31,2014,2017-09-07,4,true,2074.6610,365.7205
SF-20965,Sylvia Foulston,Corporate,2014-10-21,2014,2017-11-12,9,true,3336.5350,539.9352
CC-12430,Chuck Clark,Home Office,2015-09-06,2015,2017-12-30,10,true,2870.0500,424.6583
RD-19810,Ross DeVincentis,Home Office,2014-10-27,2014,2017-12-16,8,true,1137.6160,318.4625
HW-14935,Helen Wasserman,Corporate,2015-09-27,2015,2017-09-04,8,true,9300.2540,2164.1611
BE-11335,Bill Eplett,Home Office,2016-01-15,2016,2017-09-02,5,true,4204.6760,1487.7739
BT-11485,Brad Thomas,Home Office,2015-12-27,2015,2016-03-11,2,true,415.1960,126.8694
GM-14500,Gene McClure,Consumer,2014-08-09,2014,2017-09-15,10,true,1255.6820,441.3185
AS-10045,Aaron Smayling,Corporate,2014-07-27,2014,2017-10-03,7,true,3050.6920,-253.5746
SC-20440,Shaun Chance,Corporate,2015-08-17,2015,2017-11-24,7,true,1874.9980,379.5611
KD-16495,Keith Dawkins,Corporate,2014-09-28,2014,2017-09-09,12,true,8181.2560,3038.6254
JC-15385,Jenna Caffey,Consumer,2017-07-08,2017,2017-07-08,1,false,1058.1080,502.9244
CD-12280,Christina DeMoss,Consumer,2017-11-05,2017,2017-11-18,2,true,1205.5840,233.0274
SW-20455,Shaun Weien,Consumer,2015-06-22,2015,2017-07-21,7,true,2921.5440,793.6548
FM-14215,Filia McAdams,Corporate,2014-03-11,2014,2017-12-23,10,true,2456.6380,249.6808
DR-12880,Dan Reichenbach,Corporate,2015-09-25,2015,2017-12-27,9,true,6528.0340,1641.8613
CA-12775,Cynthia Arntzen,Consumer,2014-06-28,2014,2017-09-01,7,true,3041.5660,204.4895
GD-14590,Giulietta Dortch,Corporate,2014-05-05,2014,2017-12-25,4,true,1888.0700,230.9373
JK-15370,Jay Kimmel,Consumer,2014-04-11,2014,2017-11-16,8,true,2709.6320,330.2838
AG-10390,Allen Goldenen,Consumer,2014-04-19,2014,2017-09-07,5,true,200.9450,69.2784
TB-21400,Tom Boeckenhauer,Consumer,2014-01-21,2014,2017-06-11,7,true,9133.9900,2798.3689
MP-18175,Mike Pelletier,Home Office,2014-03-28,2014,2017-12-14,9,true,5087.9200,226.4529
EP-13915,Emily Phan,Consumer,2014-07-06,2014,2017-12-18,17,true,5478.0608,144.9578
AW-10840,Anthony Witt,Consumer,2015-04-13,2015,2017-12-10,4,true,649.3760,65.7725
TB-21175,Thomas Boland,Corporate,2014-12-08,2014,2017-11-02,4,true,3589.2960,829.1635
JS-16030,Joy Smith,Consumer,2014-02-27,2014,2017-12-02,6,true,2516.4940,-311.2575
IL-15100,Ivan Liston,Consumer,2014-08-01,2014,2017-08-10,7,true,5040.7360,1121.9370
CV-12295,Christina VanderZanden,Consumer,2014-03-28,2014,2017-04-20,5,true,2830.6280,493.0861
FH-14350,Fred Harton,Consumer,2015-08-23,2015,2017-06-01,4,true,2271.2840,706.2890
GA-14515,George Ashbrook,Consumer,2014-05-18,2014,2017-08-03,8,true,3919.7760,840.8990
DM-12955,Dario Medina,Corporate,2014-09-30,2014,2017-09-07,7,true,1322.0340,108.7583
DB-12970,Darren Budd,Corporate,2014-11-12,2014,2017-05-03,5,true,2839.2272,213.0029
LS-17230,Lycoris Saunders,Consumer,2014-01-06,2014,2015-11-14,3,true,368.8800,39.1952
BO-11350,Bill Overfelt,Corporate,2016-01-03,2016,2017-08-15,5,true,2682.7280,278.7770
DM-13015,Darrin Martin,Consumer,2014-09-14,2014,2017-11-03,7,true,6345.1030,1677.3931
PF-19120,Peter Fuller,Consumer,2014-05-05,2014,2015-09-17,4,true,9062.8640,-614.2943
TS-21430,Tom Stivers,Corporate,2014-07-30,2014,2017-07-11,5,true,2054.1400,48.7017
ML-18265,Muhammed Lee,Consumer,2015-05-31,2015,2017-09-21,2,true,162.2320,42.6648
SB-20185,Sarah Brown,Consumer,2014-09-20,2014,2017-06-25,6,true,6410.9960,885.4624
SS-20515,Shirley Schmidt,Home Office,2014-07-14,2014,2016-08-26,3,true,613.4000,199.9345
LH-16900,Lena Hernandez,Consumer,2014-08-19,2014,2017-12-09,9,true,2295.3320,526.0727
DP-13000,Darren Powers,Consumer,2014-01-03,2014,2017-08-26,9,true,1050.6360,241.4524
SC-20725,Steven Cartwright,Consumer,2014-06-03,2014,2017-06-26,11,true,5226.2100,1276.6513
SG-20080,Sandra Glassco,Consumer,2015-10-31,2015,2017-12-22,3,true,3406.5810,570.4380
JD-16060,Julia Dunbar,Consumer,2014-09-24,2014,2017-03-05,3,true,695.4420,111.1141
RB-19360,Raymond Buch,Consumer,2016-04-01,2016,2017-09-25,6,true,15117.3390,6976.0959
JE-15475,Jeremy Ellison,Consumer,2015-03-16,2015,2017-06-20,6,true,1388.6820,276.2197
MC-17605,Matt Connell,Corporate,2014-03-19,2014,2017-09-09,8,true,2258.1920,195.4486
JF-15415,Jennifer Ferguson,Consumer,2014-06-17,2014,2017-12-28,6,true,2371.4480,635.6376
SP-20545,Sibella Parks,Corporate,2014-10-13,2014,2017-02-06,6,true,1306.0860,-118.7757
SV-20365,Seth Vernon,Consumer,2014-01-11,2014,2017-09-20,10,true,11470.9500,1199.4242
CS-12250,Chris Selesnick,Corporate,2014-01-13,2014,2017-12-04,12,true,2754.2160,738.3626
JE-15745,Joel Eaton,Consumer,2014-06-22,2014,2017-11-09,13,true,6760.8150,221.7967
BK-11260,Berenike Kampe,Consumer,2014-08-03,2014,2017-10-14,6,true,659.1380,-63.7644
GB-14530,George Bell,Corporate,2014-04-28,2014,2017-10-29,11,true,1568.4400,7.8371
SE-20110,Sanjit Engle,Consumer,2014-04-11,2014,2017-12-21,11,true,12209.4380,2650.6769
RD-19660,Robert Dilbeck,Home Office,2015-04-12,2015,2017-09-07,5,true,2786.6320,835.7720
CC-12100,Chad Cunningham,Home Office,2014-12-16,2014,2016-09-29,6,true,1770.9450,208.5912
PV-18985,Paul Van Hugh,Home Office,2014-07-12,2014,2017-10-02,5,true,2876.0460,434.5284
CS-12460,Chuck Sachs,Consumer,2017-07-03,2017,2017-12-03,2,true,550.6440,156.2593
JM-15535,Jessica Myrick,Consumer,2014-09-13,2014,2017-09-19,7,true,1733.4430,356.5395
PO-19180,Philisse Overcash,Home Office,2015-08-11,2015,2017-07-23,9,true,4893.0430,1155.4331
Co-12640,Corey-Lock,Consumer,2014-06-20,2014,2016-06-29,5,true,1300.0760,205.6282
DK-13150,David Kendrick,Corporate,2014-12-05,2014,2017-12-20,2,true,797.8320,249.9447
AG-10525,Andy Gerbode,Corporate,2014-08-09,2014,2015-09-07,4,true,1455.0380,-152.7613
AC-10420,Alyssa Crouse,Corporate,2014-07-12,2014,2017-05-12,3,true,925.8000,-62.1342
TN-21040,Tanja Norvell,Home Office,2014-10-10,2014,2017-10-01,7,true,3130.2210,-692.0452
PH-18790,Patricia Hirasaki,Home Office,2017-10-21,2017,2017-10-21,1,false,729.6480,47.8878
KB-16240,Karen Bern,Corporate,2014-03-31,2014,2017-12-26,7,true,3152.6150,763.9076
GT-14635,Grant Thornton,Corporate,2014-06-06,2014,2017-11-04,3,true,9351.2120,-4108.6589
JA-15970,Joseph Airdo,Consumer,2014-09-17,2014,2017-09-29,8,true,6491.0260,-819.4217
DG-13300,Deirdre Greer,Corporate,2014-11-01,2014,2017-11-28,5,true,3195.8180,562.7761
MG-17650,Matthew Grinstein,Home Office,2014-08-09,2014,2017-12-01,7,true,3785.2760,341.8980
EB-14170,Evan Bailliet,Consumer,2014-09-29,2014,2017-10-09,6,true,1186.3260,282.1701
MC-18100,Mick Crebagga,Consumer,2014-06-18,2014,2017-11-19,10,true,2218.9800,-64.1668
RD-19480,Rick Duston,Consumer,2014-06-08,2014,2017-10-19,8,true,4272.9300,480.5940
BS-11380,Bill Stewart,Corporate,2014-11-29,2014,2017-12-02,5,true,3887.8340,-17.5322
JF-15565,Jill Fjeld,Consumer,2014-10-11,2014,2017-11-06,8,true,4198.3320,1073.2088
KN-16705,Kristina Nunn,Home Office,2014-03-02,2014,2017-09-23,8,true,2280.5800,329.7625
JM-15865,John Murray,Consumer,2014-11-19,2014,2017-09-12,7,true,7625.0760,1574.6164
RR-19315,Ralph Ritter,Consumer,2016-11-14,2016,2017-12-11,2,true,615.9320,-73.8350
LO-17170,Lori Olson,Corporate,2015-02-06,2015,2017-12-28,5,true,644.3500,150.1712
BD-11635,Brian Derr,Consumer,2014-10-05,2014,2017-12-21,3,true,582.6460,141.5340
HG-15025,Hunter Glantz,Consumer,2014-10-14,2014,2017-12-24,7,true,3690.2840,804.6113
HG-14845,Harry Greene,Consumer,2014-04-29,2014,2017-11-06,5,true,785.6280,147.0032
EC-14050,Erin Creighton,Consumer,2014-12-17,2014,2017-11-07,5,true,461.9140,96.4256
CC-12475,Cindy Chapman,Consumer,2014-05-16,2014,2017-11-21,9,true,1659.4380,154.8510
AH-10690,Anna Häberlin,Corporate,2014-04-02,2014,2016-11-15,12,true,7888.2940,1298.0166
CC-12610,Corey Catlett,Corporate,2014-08-27,2014,2017-11-26,7,true,2540.6310,331.4340
TS-21505,Tony Sayre,Consumer,2014-12-20,2014,2017-12-19,6,true,2243.2740,11.3779
JL-15130,Jack Lebron,Consumer,2014-07-18,2014,2017-12-22,6,true,1214.9560,-207.7956
LW-17125,Liz Willingham,Consumer,2014-09-11,2014,2017-06-08,3,true,1259.0400,192.6312
SS-20410,Shahid Shariari,Consumer,2014-05-30,2014,2017-09-11,6,true,3056.8070,-1010.9738
KS-16300,Karen Seio,Corporate,2015-01-13,2015,2017-03-10,3,true,88.4720,0.1110
CM-12715,Craig Molinari,Corporate,2014-03-07,2014,2015-03-01,4,true,3984.4524,176.3108
PK-19075,Pete Kriz,Consumer,2014-11-11,2014,2017-12-21,12,true,8646.9340,2038.2676
PG-18895,Paul Gonzalez,Consumer,2014-05-11,2014,2017-11-03,9,true,1987.1640,334.5163
LS-16975,Lindsay Shagiari,Home Office,2014-10-20,2014,2017-12-10,9,true,2988.6740,262.6367
CC-12670,Craig Carreira,Consumer,2014-12-23,2014,2017-12-01,7,true,2269.7015,187.8399
JD-15895,Jonathan Doherty,Corporate,2014-03-26,2014,2016-12-01,11,true,7610.8640,1050.2668
AS-10225,Alan Schoenberger,Corporate,2014-10-18,2014,2017-12-08,5,true,4260.7840,719.7751
SC-20095,Sanjit Chand,Consumer,2014-02-12,2014,2017-01-15,9,true,14142.3340,5757.4119
BD-11605,Brian Dahlen,Consumer,2014-01-13,2014,2017-09-24,7,true,3288.4710,634.8463
DK-12985,Darren Koutras,Consumer,2014-11-24,2014,2017-12-23,5,true,1687.0400,-107.3538
AS-10135,Adrian Shami,Home Office,2016-11-13,2016,2017-11-19,2,true,58.8200,21.8496
SR-20740,Steven Roelle,Home Office,2014-02-20,2014,2017-06-17,8,true,4345.8860,1990.4244
MC-17845,Michael Chen,Consumer,2014-07-05,2014,2017-12-29,7,true,3805.7140,698.4174
JC-16105,Julie Creighton,Corporate,2014-11-18,2014,2017-11-03,5,true,858.5760,201.5952
EM-14095,Eudokia Martin,Corporate,2015-08-07,2015,2017-09-08,4,true,1041.0420,240.2362
NF-18595,Nicole Fjeld,Home Office,2014-04-19,2014,2017-09-07,7,true,2031.4720,388.2131
JF-15190,Jamie Frazer,Consumer,2014-11-15,2014,2017-10-26,7,true,2279.5860,575.1259
NP-18685,Nora Pelletier,Home Office,2014-03-07,2014,2016-11-19,6,true,1228.6980,514.5017
CM-12655,Corinna Mitchell,Home Office,2015-03-19,2015,2017-12-03,6,true,6339.5576,1572.4585
CS-12505,Cindy Stewart,Consumer,2014-03-26,2014,2017-11-02,6,true,5690.0550,-6626.3895
NH-18610,Nicole Hansen,Corporate,2014-03-02,2014,2017-06-24,7,true,2673.2900,760.1666
PK-18910,Paul Knutson,Home Office,2014-04-04,2014,2016-09-03,2,true,1441.1520,-798.7050
FH-14365,Fred Hopkins,Corporate,2014-10-20,2014,2017-12-25,8,true,6987.1960,2050.2826
HH-15010,Hilary Holden,Corporate,2014-08-29,2014,2017-10-19,2,true,218.6680,86.7342
DB-13660,Duane Benoit,Consumer,2014-06-17,2014,2017-12-18,7,true,1155.2020,177.6735
LW-16825,Laurel Workman,Corporate,2014-05-30,2014,2017-10-03,5,true,2238.0610,32.5767
MJ-17740,Max Jones,Consumer,2015-06-09,2015,2017-12-08,7,true,6320.7460,1054.5529
JB-15925,Joni Blumstein,Consumer,2014-12-05,2014,2015-12-24,3,true,900.5520,-286.9808
AG-10495,Andrew Gjertsen,Corporate,2015-01-04,2015,2017-10-13,8,true,2356.8550,295.6668
AJ-10945,Ashley Jarboe,Consumer,2014-03-03,2014,2017-10-06,7,true,1839.2400,521.1352
SS-20875,Sung Shariari,Consumer,2014-12-14,2014,2017-09-01,5,true,964.6360,-75.5860
LH-16750,Larry Hughes,Consumer,2014-09-21,2014,2017-08-01,3,true,287.4260,12.6277
TS-21340,Toby Swindell,Consumer,2014-01-19,2014,2017-05-18,5,true,974.7820,-184.9789
BF-11005,Barry Franz,Home Office,2014-09-25,2014,2017-11-21,4,true,1333.8800,-291.3811
MZ-17335,Maria Zettner,Home Office,2015-11-08,2015,2017-11-30,4,true,593.6060,85.0191
SV-20935,Susan Vittorini,Consumer,2016-03-19,2016,2017-12-28,8,true,1903.4910,106.8912
DK-13375,Dennis Kane,Consumer,2014-09-07,2014,2017-12-11,8,true,3318.4860,377.0799
JP-16135,Julie Prescott,Home Office,2014-09-23,2014,2017-09-19,9,true,1707.7100,309.7116
AY-10555,Andy Yotov,Corporate,2014-04-06,2014,2017-12-16,4,true,497.0140,103.3499
EH-14185,Evan Henry,Consumer,2014-05-22,2014,2017-09-16,6,true,923.8840,242.1107
JH-15820,John Huston,Consumer,2014-05-19,2014,2017-07-09,6,true,528.9100,26.0822
CM-11935,Carlos Meador,Consumer,2015-09-24,2015,2016-01-22,2,true,565.3920,-43.7324
AC-10660,Anna Chung,Consumer,2014-10-15,2014,2017-03-23,5,true,657.3160,-28.7004
BF-11275,Beth Fritzler,Corporate,2014-03-22,2014,2017-11-03,3,true,791.9900,25.8702
EM-14140,Eugene Moren,Home Office,2014-07-19,2014,2017-11-12,6,true,4588.4360,1319.3655
JO-15145,Jack O'Briant,Corporate,2014-01-06,2014,2017-11-03,9,true,3254.9490,581.4045
NC-18535,Nick Crebassa,Corporate,2014-07-23,2014,2017-12-24,7,true,8241.7390,1314.7580
AH-10585,Angele Hood,Consumer,2014-10-26,2014,2017-12-09,4,true,738.5040,83.9630
BP-11050,Barry Pond,Corporate,2014-10-12,2014,2017-10-08,5,true,983.4200,209.7830
VS-21820,Vivek Sundaresam,Consumer,2014-01-07,2014,2017-05-23,4,true,1055.9810,-262.8093
MH-17440,Mark Haberlin,Corporate,2014-02-04,2014,2016-12-19,4,true,400.0160,61.4286
KB-16585,Ken Black,Corporate,2014-04-04,2014,2017-05-14,12,true,2744.7420,579.3551
EB-13870,Emily Burns,Consumer,2014-05-05,2014,2017-09-21,10,true,2767.2190,261.5315
ON-18715,Odella Nelson,Corporate,2014-09-13,2014,2016-11-15,9,true,1567.5200,-5.8890
KB-16315,Karl Braun,Consumer,2014-08-26,2014,2017-03-09,9,true,1569.4640,49.7193
CL-12565,Clay Ludtke,Consumer,2014-03-04,2014,2017-03-21,12,true,10880.5460,1933.7831
CS-12130,Chad Sievert,Consumer,2014-08-05,2014,2016-08-28,4,true,884.6400,143.8339
DS-13180,David Smith,Corporate,2014-04-28,2014,2017-12-07,9,true,2881.8128,163.6993
FA-14230,Frank Atkinson,Corporate,2014-09-19,2014,2017-09-24,7,true,2984.0540,520.5229
LA-16780,Laura Armstrong,Corporate,2014-04-29,2014,2017-07-29,11,true,8673.2220,2059.1199
SF-20200,Sarah Foster,Consumer,2014-12-23,2014,2017-11-01,9,true,3422.7860,286.9046
MO-17800,Meg O'Connel,Home Office,2015-09-17,2015,2017-09-17,8,true,1687.0270,169.3437
RS-19765,Roland Schwarz,Corporate,2014-04-07,2014,2017-11-24,8,true,4159.7700,1206.3851
RF-19735,Roland Fjeld,Consumer,2014-08-06,2014,2017-10-02,7,true,2341.2960,711.6168
DC-13285,Debra Catini,Consumer,2014-12-29,2014,2017-12-07,5,true,1174.6180,132.0682
CM-12445,Chuck Magee,Consumer,2014-06-09,2014,2016-10-20,3,true,287.9900,64.4296
PM-19135,Peter McVee,Home Office,2015-12-19,2015,2017-11-09,4,true,4115.6620,526.7537
MW-18235,Mitch Willingham,Corporate,2014-05-21,2014,2017-11-16,2,true,5253.8760,1665.5160
AP-10720,Anne Pryor,Home Office,2014-03-03,2014,2017-11-19,8,true,1638.5540,285.7888
GM-14680,Greg Matthias,Consumer,2014-05-10,2014,2017-07-31,6,true,3163.6280,35.4865
DC-12850,Dan Campbell,Consumer,2014-07-05,2014,2017-11-23,9,true,3336.1680,-1441.6313
MG-17890,Michael Granlund,Home Office,2014-12-29,2014,2017-09-22,9,true,776.3840,171.7372
KM-16375,Katherine Murray,Home Office,2014-07-20,2014,2017-11-04,8,true,5620.1860,973.7902
IG-15085,Ivan Gibson,Consumer,2014-10-18,2014,2017-10-20,4,true,744.5740,320.4982
BO-11425,Bobby Odegard,Consumer,2015-09-10,2015,2017-10-16,2,true,130.8300,59.4522
JW-15955,Joni Wasserman,Consumer,2015-08-16,2015,2017-12-25,7,true,1244.0860,-29.5759
ML-17755,Max Ludwig,Home Office,2016-08-04,2016,2017-12-01,7,true,2071.9140,409.5112
NG-18430,Nathan Gelder,Consumer,2014-11-24,2014,2017-11-12,5,true,1395.9380,217.0893
AG-10675,Anna Gayman,Consumer,2015-05-07,2015,2017-09-24,7,true,3489.0396,-246.4257
BD-11620,Brian DeCherney,Consumer,2014-06-30,2014,2017-10-22,6,true,1538.1100,206.7569
CM-12160,Charles McCrossin,Consumer,2016-10-21,2016,2017-12-04,6,true,2533.3140,-394.3686
MS-17710,Maurice Satty,Consumer,2014-03-24,2014,2016-11-12,6,true,1613.4020,247.4348
KT-16465,Kean Takahito,Consumer,2014-09-08,2014,2016-12-04,7,true,3057.1000,254.0032
GH-14425,Gary Hwang,Consumer,2014-06-17,2014,2017-11-10,4,true,4172.8460,1176.4181
SB-20290,Sean Braxton,Corporate,2014-05-09,2014,2017-11-13,7,true,8057.8910,-2082.7451
DP-13390,Dennis Pardue,Home Office,2014-07-05,2014,2017-01-06,9,true,5480.7240,1571.8318
BP-11095,Bart Pistole,Corporate,2014-06-07,2014,2017-12-13,12,true,2442.0440,433.9751
SM-20950,Suzanne McNair,Corporate,2014-09-29,2014,2017-12-05,12,true,5563.3920,581.5742
KF-16285,Karen Ferguson,Home Office,2014-09-26,2014,2017-09-24,7,true,10604.2660,1660.1386
EM-13825,Elizabeth Moffitt,Corporate,2014-12-02,2014,2017-11-05,8,true,2339.5980,682.5542
MS-17530,MaryBeth Skach,Consumer,2014-11-04,2014,2016-10-22,4,true,475.6560,84.0268
SW-20350,Sean Wendt,Home Office,2016-04-09,2016,2017-07-21,3,true,1019.0440,95.8383
DH-13675,Duane Huffman,Home Office,2014-08-12,2014,2015-11-15,4,true,1043.0960,116.6670
NC-18415,Nathan Cano,Consumer,2014-05-03,2014,2017-11-19,6,true,2218.9900,-2204.8072
MF-18250,Monica Federle,Corporate,2014-09-15,2014,2017-12-23,5,true,1758.3000,456.8608
AR-10345,Alex Russell,Corporate,2014-12-30,2014,2017-09-10,4,true,1055.6940,-221.0544
TS-21655,Trudy Schmidt,Consumer,2015-02-06,2015,2017-05-06,5,true,3368.0940,220.9163
LD-16855,Lela Donovan,Corporate,2016-06-26,2016,2016-06-26,1,false,5.3040,0.4641
BD-11560,Brendan Dodson,Home Office,2015-05-30,2015,2017-03-27,2,true,320.5400,116.7140
SM-20905,Susan MacKendrick,Consumer,2016-05-03,2016,2016-05-03,1,false,1043.0410,-237.2885
KM-16720,Kunst Miller,Consumer,2014-03-30,2014,2017-12-02,8,true,4909.4720,745.7685
TB-21520,Tracy Blumstein,Consumer,2014-10-17,2014,2017-09-14,9,true,4737.4860,-1603.0451
DW-13480,Dianna Wilson,Home Office,2014-06-01,2014,2017-05-27,5,true,5271.6280,1348.7556
KH-16690,Kristen Hastings,Corporate,2014-03-21,2014,2017-12-28,7,true,5990.7990,1227.5091
SD-20485,Shirley Daniels,Home Office,2014-01-26,2014,2017-06-13,9,true,6121.1140,1985.1672
MH-17785,Maya Herman,Corporate,2014-05-27,2014,2017-09-23,7,true,2203.7780,238.5614
LH-17155,Logan Haushalter,Consumer,2014-12-12,2014,2016-12-10,9,true,1739.6890,316.5202
NG-18355,Nat Gilpin,Corporate,2014-11-24,2014,2017-11-12,5,true,1869.5800,313.6335
DJ-13420,Denny Joy,Corporate,2014-12-08,2014,2016-04-02,4,true,2012.5200,483.0350
RC-19825,Roy Collins,Consumer,2014-12-05,2014,2016-12-26,6,true,966.4090,63.9914
TB-21190,Thomas Brumley,Home Office,2014-12-27,2014,2017-11-11,4,true,816.1740,179.0038
NM-18520,Neoma Murray,Consumer,2015-09-08,2015,2017-04-30,10,true,2161.9790,788.9525
HL-15040,Hunter Lopez,Consumer,2014-01-20,2014,2017-11-17,6,true,12873.2980,5622.4292
AT-10435,Alyssa Tate,Home Office,2014-11-24,2014,2017-12-09,6,true,1171.8140,100.8768
BT-11530,Bradley Talbott,Home Office,2014-05-21,2014,2017-09-30,5,true,2684.4920,409.4983
PF-19225,Phillip Flathmann,Consumer,2016-06-26,2016,2017-09-07,5,true,2206.1280,591.3118
LP-17095,Liz Preis,Consumer,2016-06-06,2016,2017-12-21,7,true,3653.3990,338.4454
LD-17005,Lisa DeCherney,Consumer,2014-09-29,2014,2016-11-11,4,true,1961.9340,557.1714
ME-17320,Maria Etezadi,Home Office,2014-01-06,2014,2017-11-18,10,true,10663.7280,1859.4695
PC-19000,Pauline Chand,Home Office,2014-04-08,2014,2015-08-01,2,true,1061.4880,-184.3364
DV-13465,Dianna Vittorini,Consumer,2014-06-22,2014,2017-12-01,6,true,3341.5870,353.2127
MY-17380,Maribeth Yedwab,Corporate,2015-10-26,2015,2017-12-01,7,true,2254.2850,319.1211
HF-14995,Herbert Flentye,Consumer,2014-05-26,2014,2017-12-09,7,true,2533.1640,-13.8768
BE-11455,Brad Eason,Home Office,2015-08-02,2015,2017-04-20,6,true,1727.6520,139.2008
MC-17575,Matt Collins,Consumer,2014-12-02,2014,2017-12-03,8,true,1303.8930,210.7493
RW-19630,Rob Williams,Corporate,2014-06-28,2014,2017-10-02,9,true,3279.7460,698.8325
CT-11995,Carol Triggs,Consumer,2014-05-07,2014,2017-09-25,8,true,3241.8980,161.2263
TS-21610,Troy Staebel,Consumer,2014-08-16,2014,2017-11-05,7,true,2820.4240,-294.6981
EM-13960,Eric Murdock,Consumer,2015-10-01,2015,2017-08-01,5,true,933.7040,102.2960
CC-12550,Clay Cheatham,Consumer,2017-06-15,2017,2017-12-03,3,true,113.8320,33.8706
RB-19795,Ross Baird,Home Office,2014-06-03,2014,2017-11-28,8,true,5633.3160,-461.7332
AS-10240,Alan Shonely,Consumer,2014-03-15,2014,2017-06-21,7,true,584.6080,33.7158
RA-19285,Ralph Arnett,Consumer,2014-12-13,2014,2017-12-25,9,true,2617.9060,546.0882
SC-20695,Steve Chapman,Corporate,2014-12-16,2014,2017-10-02,10,true,2576.4080,611.8291
PB-19105,Peter Bühler,Consumer,2014-11-15,2014,2017-11-03,4,true,688.3240,218.1597
JJ-15445,Jennifer Jackson,Consumer,2015-03-05,2015,2016-09-03,5,true,709.1780,200.5558
HM-14860,Harry Marie,Corporate,2014-07-21,2014,2017-12-28,10,true,8236.7648,2437.9836
AB-10600,Ann Blume,Corporate,2014-11-18,2014,2017-11-10,4,true,1515.8620,-274.9604
AR-10540,Andy Reiter,Consumer,2014-11-25,2014,2017-12-24,6,true,6608.4480,2884.6208
EH-14125,Eugene Hildebrand,Home Office,2014-10-19,2014,2017-07-31,10,true,3082.6530,96.2702
SG-20470,Sheri Gordon,Consumer,2014-07-26,2014,2017-06-30,8,true,1884.7980,-119.0105
CB-12415,Christy Brittain,Consumer,2015-11-05,2015,2017-12-04,8,true,1949.2000,272.3883
JM-16195,Justin MacKendrick,Consumer,2014-04-30,2014,2017-11-03,10,true,2833.9260,754.1144
TB-21250,Tim Brockman,Consumer,2014-12-08,2014,2017-01-15,7,true,1602.3760,260.6155
AW-10930,Arthur Wiediger,Home Office,2014-07-14,2014,2017-11-14,7,true,2852.9680,-104.5486
BP-11155,Becky Pak,Consumer,2015-06-04,2015,2017-10-02,6,true,1697.8610,647.3847
AH-10030,Aaron Hawkins,Corporate,2014-04-22,2014,2017-12-18,7,true,1744.7000,365.2152
AH-10120,Adrian Hane,Home Office,2014-07-18,2014,2017-10-31,7,true,1735.5140,-2.3146
HJ-14875,Heather Jas,Home Office,2015-04-13,2015,2017-08-26,5,true,358.1000,98.6548
CS-12175,Charles Sheldon,Corporate,2014-08-12,2014,2017-05-12,5,true,844.4580,113.1405
AH-10465,Amy Hunt,Consumer,2015-01-03,2015,2017-05-14,5,true,2495.3916,-196.1201
SG-20890,Susan Gilcrest,Corporate,2014-03-30,2014,2017-05-18,3,true,47.9460,-3.7073
NF-18475,Neil Französisch,Home Office,2014-03-14,2014,2016-07-23,4,true,377.1620,85.9278
IM-15055,Ionia McGrath,Consumer,2014-01-23,2014,2016-11-16,3,true,2872.6300,975.7701
RE-19405,Ricardo Emerson,Consumer,2014-12-29,2014,2014-12-29,1,false,48.3600,6.0450
BH-11710,Brosina Hoffman,Consumer,2014-06-09,2014,2017-12-07,8,true,6255.3510,802.7898
TB-21055,Ted Butterfield,Consumer,2016-06-17,2016,2017-09-02,5,true,1467.8810,390.2113
VM-21685,Valerie Mitchum,Home Office,2014-04-07,2014,2017-11-06,7,true,2454.8660,513.5269
KC-16540,Kelly Collister,Consumer,2015-11-02,2015,2017-09-24,4,true,3908.2620,709.4219
KL-16645,Ken Lonsdale,Consumer,2014-07-25,2014,2017-11-13,12,true,14175.2290,806.8550
KW-16435,Katrina Willman,Consumer,2015-08-24,2015,2017-09-25,5,true,4416.5200,1756.1350
NF-18385,Natalie Fritzler,Consumer,2014-02-11,2014,2017-10-12,7,true,8322.8260,-1695.9714
TB-21595,Troy Blackwell,Consumer,2014-02-18,2014,2017-03-20,5,true,1387.5590,-136.4091
SC-20305,Sean Christensen,Consumer,2014-12-16,2014,2017-12-01,7,true,3979.0650,229.1617
RB-19570,Rob Beeghly,Consumer,2016-04-28,2016,2017-12-05,5,true,528.5460,76.8879
LE-16810,Laurel Elliston,Consumer,2014-05-27,2014,2017-12-09,6,true,1469.4500,161.7649
NZ-18565,Nick Zandusky,Home Office,2014-08-02,2014,2017-10-06,9,true,2488.3100,402.4236
DP-13105,Dave Poirier,Corporate,2015-08-22,2015,2017-12-24,8,true,2215.0020,563.1761
AJ-10780,Anthony Jacobs,Corporate,2014-01-10,2014,2017-10-16,7,true,4867.3440,150.7130
RP-19270,Rachel Payne,Corporate,2014-10-19,2014,2016-08-21,4,true,954.6452,59.5384
VG-21790,Vivek Gonzalez,Consumer,2014-08-08,2014,2017-07-29,6,true,846.0100,143.6268
CS-12355,Christine Sundaresam,Consumer,2014-08-15,2014,2017-12-24,11,true,3202.1620,831.9432
FH-14275,Frank Hawley,Corporate,2014-04-06,2014,2017-11-23,10,true,4256.2720,1073.2676
PS-19045,Penelope Sewall,Home Office,2014-12-20,2014,2017-05-08,7,true,6843.6340,1742.7297
SW-20755,Steven Ward,Corporate,2014-11-02,2014,2016-07-14,2,true,758.6960,68.2416
VG-21805,Vivek Grady,Corporate,2014-09-22,2014,2017-03-19,5,true,427.3720,-52.3330
JK-16120,Julie Kriz,Home Office,2014-11-02,2014,2017-09-04,10,true,2932.4840,122.6566
MS-17980,Michael Stewart,Corporate,2014-06-30,2014,2017-12-04,6,true,855.1160,55.2260
CS-11950,Carlos Soltero,Consumer,2014-06-08,2014,2017-12-05,11,true,3036.5470,-126.4223
CR-12730,Craig Reiter,Consumer,2014-08-20,2014,2017-10-13,4,true,1600.5500,306.9176
LT-17110,Liz Thompson,Consumer,2014-06-01,2014,2017-11-26,8,true,2936.2520,320.9730
LS-16945,Linda Southworth,Corporate,2015-04-25,2015,2017-07-05,6,true,2845.2700,-318.7737
JH-15430,Jennifer Halladay,Consumer,2014-02-24,2014,2017-12-25,4,true,309.2810,-24.0771
TT-21460,Tonja Turnell,Home Office,2015-12-08,2015,2017-12-18,7,true,5364.8080,1124.4999
TH-21100,Thea Hendricks,Consumer,2014-09-27,2014,2017-01-20,5,true,2422.8240,-135.2125
NS-18505,Neola Schneider,Consumer,2016-11-24,2016,2017-12-24,4,true,2575.8630,-12.3040
AG-10765,Anthony Garverick,Home Office,2014-09-17,2014,2017-10-14,4,true,170.5840,-8.4310
MN-17935,Michael Nguyen,Consumer,2014-02-16,2014,2017-11-26,6,true,2477.9460,290.8227
ML-18040,Michelle Lonsdale,Corporate,2017-03-26,2017,2017-10-12,3,true,742.0820,138.7162
TC-21295,Toby Carlisle,Consumer,2014-10-14,2014,2017-12-03,8,true,4266.8120,606.3727
VF-21715,Vicky Freymann,Home Office,2014-03-01,2014,2017-12-17,5,true,847.9440,-96.2780
KN-16450,Kean Nguyen,Corporate,2014-04-12,2014,2017-11-08,5,true,2171.9620,114.3083
VM-21835,Vivian Mathis,Consumer,2014-03-22,2014,2017-09-04,5,true,380.6900,116.6373
KM-16660,Khloe Miller,Consumer,2014-12-22,2014,2017-12-15,5,true,453.5380,91.1391
KE-16420,Katrina Edelman,Corporate,2014-04-03,2014,2017-12-04,8,true,1686.7312,397.8799
CR-12580,Clay Rozendal,Home Office,2016-04-18,2016,2017-11-03,4,true,2148.8520,74.4013
MO-17950,Michael Oakman,Consumer,2015-04-02,2015,2017-07-03,2,true,154.2880,-82.0074
EB-14110,Eugene Barchas,Consumer,2015-04-13,2015,2017-09-08,6,true,3071.1260,184.7656
BS-11365,Bill Shonely,Corporate,2014-05-04,2014,2016-06-20,5,true,10501.6530,2616.0644
SH-20635,Stefanie Holloman,Corporate,2014-12-16,2014,2015-11-26,2,true,2096.3920,260.6258
SC-20770,Stewart Carmichael,Corporate,2015-06-20,2015,2017-11-19,7,true,4492.6570,-671.1874
LC-16885,Lena Creighton,Consumer,2014-04-25,2014,2017-12-14,12,true,7663.1260,1288.3469
HA-14920,Helen Andreada,Consumer,2014-10-11,2014,2017-12-10,8,true,2584.1580,99.1445
NP-18670,Nora Paige,Consumer,2015-02-27,2015,2017-11-02,5,true,3908.4020,514.6002
AJ-10960,Astrea Jones,Consumer,2014-09-14,2014,2017-10-17,3,true,629.2480,60.4265
AD-10180,Alan Dominguez,Home Office,2014-11-19,2014,2017-12-01,8,true,6106.8800,1869.9294
JL-15835,John Lee,Consumer,2014-04-18,2014,2017-12-09,11,true,9799.9230,228.9070
AR-10405,Allen Rosenblatt,Corporate,2014-10-03,2014,2017-08-27,5,true,2236.1280,-98.7646
NP-18325,Naresj Patel,Consumer,2014-05-13,2014,2017-12-05,6,true,5529.6200,1208.8890
AA-10375,Allen Armold,Consumer,2014-04-21,2014,2017-12-11,9,true,1056.3900,277.3824
LL-16840,Lauren Leatherbury,Consumer,2014-04-29,2014,2017-04-25,6,true,2741.2040,560.0078
PC-18745,Pamela Coakley,Corporate,2014-12-31,2014,2017-12-28,4,true,1832.0640,272.6850
BS-11800,Bryan Spruell,Home Office,2015-09-26,2015,2017-04-09,2,true,949.4300,194.0516
PO-18850,Patrick O'Brill,Consumer,2014-11-02,2014,2017-12-26,11,true,7473.8282,38.4757
SN-20560,Skye Norling,Home Office,2015-06-18,2015,2017-09-10,6,true,1860.4180,-716.8565
DL-13495,Dionis Lloyd,Corporate,2015-12-25,2015,2017-10-15,8,true,3539.3220,-52.7880
FG-14260,Frank Gastineau,Home Office,2014-05-21,2014,2017-11-26,7,true,1383.1440,394.7397
ND-18370,Natalie DeCherney,Consumer,2014-01-13,2014,2017-12-03,9,true,4326.1390,353.6455
SZ-20035,Sam Zeldin,Home Office,2014-09-07,2014,2017-11-25,11,true,3625.3290,366.4303
TS-21370,Todd Sumrall,Corporate,2014-10-28,2014,2017-11-24,6,true,11891.7510,2371.7144
JW-15220,Jane Waco,Corporate,2015-04-30,2015,2017-11-18,6,true,7721.7140,2173.7094
VW-21775,Victoria Wilson,Corporate,2014-05-11,2014,2017-12-02,10,true,6134.0380,-874.6645
TB-21280,Toby Braunhardt,Consumer,2014-06-21,2014,2016-05-26,6,true,2198.4500,490.9567
BM-11785,Bryan Mills,Consumer,2014-06-06,2014,2017-05-26,10,true,1338.8420,137.7439
JE-15610,Jim Epp,Corporate,2014-10-14,2014,2017-11-12,7,true,7754.9760,1623.4019
RW-19540,Rick Wilson,Corporate,2015-02-03,2015,2017-09-01,7,true,7397.4010,1586.6273
EH-13990,Erica Hackney,Consumer,2014-01-15,2014,2016-11-20,6,true,825.9500,150.3759
AC-10615,Ann Chong,Corporate,2015-09-15,2015,2017-12-24,5,true,2537.6860,298.8273
MM-18280,Muhammed MacIntyre,Corporate,2014-01-20,2014,2017-10-06,9,true,775.4140,58.8916
ES-14080,Erin Smith,Corporate,2014-10-02,2014,2017-12-02,9,true,4657.9240,246.6661
BS-11590,Brendan Sweed,Corporate,2014-01-14,2014,2017-11-25,6,true,2454.9280,381.7807
DJ-13510,Don Jones,Corporate,2014-08-17,2014,2017-11-12,8,true,2501.6880,345.2521
DB-13615,Doug Bickford,Consumer,2014-09-30,2014,2017-11-27,7,true,1989.0500,438.8012
BB-11545,Brenda Bowman,Corporate,2015-06-05,2015,2017-12-02,9,true,6765.7280,1015.0750
BN-11470,Brad Norvell,Corporate,2014-09-12,2014,2017-12-06,4,true,265.2960,36.6131
GH-14665,Greg Hansen,Consumer,2015-11-17,2015,2017-12-28,2,true,146.9408,-5.8102
EH-14005,Erica Hernandez,Home Office,2014-05-13,2014,2017-12-28,7,true,1219.5300,-94.1408
MH-18115,Mick Hernandez,Home Office,2016-08-23,2016,2017-12-25,9,true,5503.0930,170.9746
EH-13765,Edward Hooks,Corporate,2014-04-12,2014,2017-08-17,12,true,10310.8800,1393.5154
AI-10855,Arianne Irving,Consumer,2014-04-28,2014,2017-12-17,10,true,4375.7860,867.7271
MM-17260,Magdelene Morse,Consumer,2014-05-28,2014,2017-07-15,4,true,1314.0230,178.4020
BW-11200,Ben Wallace,Consumer,2014-08-12,2014,2017-06-10,6,true,1738.4060,246.9973
BM-11575,Brendan Murry,Corporate,2015-09-15,2015,2017-09-21,6,true,808.1620,95.5816
SC-20380,Shahid Collister,Consumer,2014-03-01,2014,2017-11-30,9,true,5992.5360,236.6615
DM-13345,Denise Monton,Corporate,2014-11-03,2014,2017-12-08,8,true,4074.4720,1319.0586
SU-20665,Stephanie Ulpright,Home Office,2015-12-05,2015,2017-12-10,7,true,2595.3640,763.4719
AG-10300,Aleksandra Gannaway,Corporate,2014-04-26,2014,2017-09-03,4,true,367.5480,59.2884
CC-12370,Christopher Conant,Consumer,2016-05-23,2016,2017-11-17,5,true,12129.0720,2177.0493
DK-12895,Dana Kaydos,Consumer,2015-03-08,2015,2017-11-15,5,true,4282.1760,937.6496
BG-11740,Bruce Geld,Consumer,2014-03-23,2014,2017-11-03,6,true,1006.3560,119.3479
LC-17050,Liz Carlisle,Consumer,2014-01-31,2014,2017-11-06,5,true,2095.0640,86.7780
AA-10645,Anna Andreadi,Consumer,2014-06-22,2014,2017-11-05,6,true,5086.9350,857.8033
DD-13570,Dorothy Dickinson,Consumer,2014-03-31,2014,2017-11-19,6,true,269.5420,36.4344
MH-17290,Marc Harrigan,Home Office,2014-04-26,2014,2017-09-02,6,true,2394.0250,28.7612
RS-19870,Roy Skaria,Home Office,2016-06-07,2016,2017-12-11,2,true,22.3280,9.5838
CJ-11875,Carl Jackson,Corporate,2016-12-30,2016,2016-12-30,1,false,16.5200,1.6520
DV-13045,Darrin Van Huff,Corporate,2016-06-12,2016,2017-12-11,5,true,1119.4830,-427.1840
EH-13945,Eric Hoffmann,Consumer,2014-07-02,2014,2017-05-27,8,true,684.1710,53.5398
PO-18865,Patrick O'Donnell,Consumer,2014-03-23,2014,2017-12-30,7,true,2493.2140,437.8533
KD-16270,Karen Daniels,Consumer,2014-11-11,2014,2016-09-02,5,true,8282.3580,1107.6952
DN-13690,Duane Noonan,Consumer,2014-09-20,2014,2017-05-27,7,true,2139.7900,540.5405
SP-20650,Stephanie Phelps,Corporate,2014-04-16,2014,2016-12-09,9,true,1872.4360,268.4782
SK-19990,Sally Knutson,Consumer,2016-11-28,2016,2017-12-22,3,true,883.4090,168.7933
CC-12145,Charles Crestani,Consumer,2014-07-20,2014,2017-09-15,7,true,2471.6500,392.2825
DS-13030,Darrin Sayre,Home Office,2014-07-09,2014,2017-09-28,4,true,1762.2130,193.3319
AR-10510,Andrew Roberts,Consumer,2014-05-02,2014,2017-12-16,5,true,264.8640,43.6695
ES-14020,Erica Smith,Consumer,2014-09-20,2014,2017-11-20,5,true,3510.4580,1003.2935
BW-11110,Bart Watters,Corporate,2015-03-20,2015,2017-08-31,8,true,4750.3580,921.2574
TR-21325,Toby Ritter,Consumer,2014-12-01,2014,2017-06-20,5,true,675.9420,220.3644
PG-18820,Patrick Gardner,Consumer,2014-05-09,2014,2017-11-24,13,true,3086.9070,137.4613
EL-13735,Ed Ludwig,Home Office,2016-04-22,2016,2017-10-14,2,true,124.2800,27.1154
RA-19945,Ryan Akin,Consumer,2014-08-29,2014,2017-10-30,5,true,1686.9225,-445.6950
PF-19165,Philip Fox,Consumer,2014-09-20,2014,2017-06-17,6,true,2770.0000,196.8739
EJ-14155,Eva Jacobs,Consumer,2014-03-03,2014,2017-11-03,5,true,2656.6910,451.8755
TB-21355,Todd Boyes,Corporate,2016-01-25,2016,2017-08-06,5,true,834.3280,268.9670
TC-21535,Tracy Collins,Home Office,2014-11-03,2014,2017-12-26,7,true,742.5580,217.9330
PP-18955,Paul Prost,Home Office,2014-08-26,2014,2017-09-24,10,true,7252.6080,1495.0854
BT-11305,Beth Thompson,Home Office,2014-04-25,2014,2017-01-28,5,true,2567.6560,417.5918
FP-14320,Frank Preis,Consumer,2014-12-07,2014,2017-12-07,8,true,4046.7460,406.4473
CD-12790,Cynthia Delaney,Home Office,2014-02-02,2014,2016-11-26,5,true,1860.7320,403.8422
JK-15205,Jamie Kunitz,Consumer,2014-07-11,2014,2017-10-30,5,true,4427.1420,1219.9830
ED-13885,Emily Ducich,Home Office,2014-08-09,2014,2017-08-17,8,true,3484.9200,670.4435
HA-14905,Helen Abelman,Consumer,2014-06-30,2014,2017-10-22,7,true,2163.3000,270.8574
AM-10360,Alice McCarthy,Corporate,2014-10-06,2014,2017-12-02,5,true,814.0120,194.9878
BS-11755,Bruce Stewart,Consumer,2014-05-18,2014,2017-12-29,7,true,2562.3820,-113.2984
VP-21730,Victor Preis,Home Office,2015-07-05,2015,2017-11-30,3,true,993.9020,205.3888
MG-18145,Mike Gockenbach,Consumer,2014-03-29,2014,2017-10-07,4,true,3061.5430,-93.6030
LM-17065,Liz MacKendrick,Consumer,2014-06-27,2014,2016-12-04,5,true,1346.7740,-44.8780
JS-15595,Jill Stevenson,Corporate,2014-03-03,2014,2017-09-02,4,true,1417.6540,-175.5490
SP-20620,Stefania Perrino,Corporate,2014-09-08,2014,2017-11-13,9,true,5440.3190,-270.4282
SC-20800,Stuart Calhoun,Consumer,2015-12-11,2015,2017-11-30,4,true,279.2560,51.8252
JR-16210,Justin Ritter,Corporate,2015-09-18,2015,2017-11-27,5,true,2201.6860,452.3730
LB-16735,Larry Blacks,Consumer,2016-07-25,2016,2017-11-12,3,true,50.1880,18.6507
AB-10105,Adrian Barton,Consumer,2014-12-20,2014,2017-11-19,10,true,14473.5710,5444.8055
SC-20260,Scott Cohen,Corporate,2014-04-06,2014,2017-06-26,8,true,3729.7930,671.0034
AF-10870,Art Ferguson,Consumer,2015-12-06,2015,2017-11-19,7,true,2052.9080,317.9712
DF-13135,David Flashing,Consumer,2014-10-04,2014,2016-01-30,3,true,2390.5340,-259.3097
MG-17875,Michael Grace,Home Office,2014-02-23,2014,2017-09-05,5,true,1242.8330,-470.7684
DH-13075,Dave Hallsten,Corporate,2014-11-21,2014,2017-03-28,6,true,4932.8720,1193.7404
EJ-13720,Ed Jacobs,Consumer,2014-01-27,2014,2017-03-03,4,true,2162.1740,387.0176
BE-11410,Bobby Elias,Consumer,2016-02-07,2016,2017-09-23,5,true,2261.4380,755.9151
RE-19450,Richard Eichhorn,Consumer,2014-06-03,2014,2017-03-03,5,true,876.6960,209.2294
CS-11845,Cari Sayre,Corporate,2014-12-14,2014,2017-09-30,5,true,1278.9540,185.3776
DW-13195,David Wiener,Corporate,2014-01-18,2014,2017-10-22,6,true,1080.7510,-86.8738
MF-17665,Maureen Fritzler,Corporate,2014-12-30,2014,2016-11-04,5,true,937.0390,-341.5265
LC-16960,Lindsay Castell,Home Office,2015-02-23,2015,2016-10-20,4,true,3246.6260,299.4802
HD-14785,Harold Dahlen,Home Office,2014-05-11,2014,2015-11-22,3,true,251.3600,-135.8760
DK-13090,Dave Kipp,Consumer,2015-03-02,2015,2017-11-18,7,true,2650.5570,536.3935
JH-15985,Joseph Holt,Consumer,2014-08-09,2014,2017-12-01,6,true,7954.9980,-644.6982
DB-13120,David Bremer,Corporate,2015-05-01,2015,2017-11-12,7,true,2973.0940,-1421.7692
AH-10210,Alan Hwang,Consumer,2014-11-29,2014,2017-12-24,9,true,4805.3440,1308.5546
KC-16675,Kimberly Carter,Corporate,2014-12-13,2014,2017-11-03,4,true,1146.0500,156.7797
CJ-12010,Caroline Jumper,Consumer,2016-03-10,2016,2017-06-24,8,true,11164.9740,858.7414
LP-17080,Liz Pelletier,Consumer,2014-06-24,2014,2017-11-20,4,true,756.6060,110.7813
BD-11725,Bruce Degenhardt,Consumer,2015-07-03,2015,2017-09-28,6,true,1526.5000,333.9791
MC-18130,Mike Caudle,Corporate,2014-09-19,2014,2016-12-26,5,true,1581.9980,121.7565
VD-21670,Valerie Dominguez,Consumer,2014-08-04,2014,2016-05-28,6,true,6442.2540,1617.7874
JL-15850,John Lucas,Consumer,2014-07-22,2014,2016-04-25,6,true,2725.2560,779.9046
JS-15880,John Stevenson,Consumer,2014-04-08,2014,2016-07-14,5,true,3868.0200,564.9798
CY-12745,Craig Yedwab,Corporate,2014-12-12,2014,2017-10-31,8,true,2900.0260,60.6467
RA-19915,Russell Applegate,Consumer,2014-06-30,2014,2017-12-18,9,true,4793.5430,304.8673
LT-16765,Larry Tron,Consumer,2014-09-01,2014,2017-12-04,3,true,329.8760,59.0360
CM-12115,Chad McGuire,Consumer,2015-03-29,2015,2017-12-22,4,true,1661.6100,409.0679
LW-16990,Lindsay Williams,Corporate,2016-05-05,2016,2017-11-27,6,true,3230.3080,662.8339
DK-12835,Damala Kotsonis,Corporate,2014-03-26,2014,2017-12-09,12,true,3256.4800,881.1228
PW-19030,Pauline Webber,Corporate,2014-05-16,2014,2017-11-14,10,true,3454.9160,803.8169
RH-19510,Rick Huthwaite,Home Office,2014-11-16,2014,2016-09-19,6,true,6979.1800,1289.4535
GP-14740,Guy Phonely,Corporate,2014-04-06,2014,2015-11-26,2,true,236.5300,31.8376
MC-17590,Matt Collister,Corporate,2014-05-20,2014,2017-11-09,6,true,2426.0670,288.9841
SO-20335,Sean O'Donnell,Consumer,2015-10-11,2015,2017-12-01,6,true,2602.5755,-81.0858
KD-16345,Katherine Ducich,Consumer,2014-09-02,2014,2017-11-19,6,true,1888.9640,328.5942
RC-19960,Ryan Crowe,Consumer,2014-08-25,2014,2017-09-11,6,true,885.7520,10.5633
DW-13585,Dorothy Wardle,Corporate,2014-08-24,2014,2017-05-02,7,true,1204.8540,-266.8966
HK-14890,Heather Kirkland,Corporate,2014-06-10,2014,2017-08-01,8,true,4877.7840,956.9451
CK-12205,Chloris Kastensmidt,Consumer,2014-03-11,2014,2017-11-21,13,true,3154.8550,141.2831
AS-10630,Ann Steele,Home Office,2014-08-01,2014,2017-09-29,7,true,833.3980,136.4919
AB-10255,Alejandro Ballentine,Home Office,2014-07-22,2014,2017-07-17,9,true,914.5320,264.5675
MM-17920,Michael Moore,Consumer,2014-01-13,2014,2017-12-23,11,true,3794.0800,82.1250
JW-16075,Julia West,Consumer,2015-03-21,2015,2016-09-25,4,true,1428.7310,154.0637
NW-18400,Natalie Webber,Consumer,2014-06-21,2014,2017-07-11,7,true,7234.0140,1023.1230
JC-15775,John Castell,Consumer,2014-09-14,2014,2017-07-25,9,true,2772.0550,279.5692
JL-15235,Janet Lee,Consumer,2014-05-25,2014,2017-09-02,5,true,2203.7000,54.5174
PB-18805,Patrick Bzostek,Home Office,2015-11-20,2015,2017-12-05,3,true,740.3560,229.2257
JK-15625,Jim Karlsson,Consumer,2014-05-31,2014,2017-10-30,7,true,3760.0280,750.9485
RS-19420,Ricardo Sperren,Corporate,2014-08-05,2014,2017-10-15,5,true,3221.2900,633.4514
JP-15460,Jennifer Patt,Corporate,2014-08-24,2014,2017-11-23,7,true,1669.1350,429.7465
DB-13555,Dorothy Badders,Corporate,2014-04-21,2014,2017-09-14,7,true,3908.8028,109.3270
AZ-10750,Annie Zypern,Consumer,2014-03-17,2014,2017-07-23,6,true,1622.0180,154.9503
MA-17995,Michelle Arnett,Home Office,2014-09-20,2014,2017-06-27,6,true,2453.2840,280.7822
SJ-20215,Sarah Jordon,Consumer,2015-02-09,2015,2017-12-01,6,true,1341.0360,-23.5137
JB-16000,Joy Bell-,Consumer,2016-01-10,2016,2017-11-17,7,true,644.1188,126.7649
HE-14800,Harold Engle,Corporate,2016-01-30,2016,2017-12-18,4,true,883.5320,274.4028
GZ-14470,Gary Zandusky,Consumer,2014-08-05,2014,2017-12-23,9,true,4355.1500,1087.7539
NK-18490,Neil Knudson,Home Office,2015-05-28,2015,2017-10-21,7,true,572.0480,121.2177
RD-19900,Ruben Dartt,Consumer,2014-04-05,2014,2017-09-07,9,true,3133.9240,455.5292
MP-17470,Mark Packer,Home Office,2014-03-30,2014,2016-01-11,7,true,3206.1320,600.2873
JH-15910,Jonathan Howell,Consumer,2015-06-12,2015,2017-11-19,7,true,959.4770,-13.5545
BB-10990,Barry Blumstein,Corporate,2014-07-27,2014,2017-09-16,5,true,744.3400,11.5839
NM-18445,Nathan Mautz,Home Office,2014-02-08,2014,2017-07-23,7,true,6459.3440,2751.6849
GK-14620,Grace Kelly,Corporate,2014-06-25,2014,2017-09-09,9,true,6497.2700,1448.5525
TD-20995,Tamara Dahlen,Consumer,2014-05-19,2014,2017-11-23,9,true,1434.5480,88.1897
RF-19840,Roy Französisch,Consumer,2014-11-12,2014,2017-12-24,8,true,945.2220,280.0261
DK-13225,Dean Katz,Corporate,2014-03-14,2014,2017-12-20,9,true,4802.3940,209.8994
AR-10825,Anthony Rawles,Corporate,2014-06-30,2014,2017-11-02,8,true,4523.3360,494.8352
BM-11650,Brian Moss,Corporate,2014-07-09,2014,2017-11-27,11,true,7294.1850,2199.2781
DL-12925,Daniel Lacy,Consumer,2014-09-09,2014,2017-11-03,6,true,3272.2000,4.2132
RD-19585,Rob Dowd,Consumer,2014-04-02,2014,2017-07-03,10,true,2912.8940,734.5158
LC-16870,Lena Cacioppo,Consumer,2015-05-03,2015,2017-12-03,8,true,2580.7040,-188.2511
NC-18340,Nat Carroll,Consumer,2014-03-30,2014,2017-05-20,5,true,2461.4040,580.3075
HG-14965,Henry Goldwyn,Corporate,2014-09-20,2014,2017-12-07,12,true,3247.6420,-2797.9635
JR-15670,Jim Radford,Consumer,2015-12-24,2015,2016-05-16,2,true,1156.6580,-785.1645
CA-12265,Christina Anderson,Consumer,2014-03-25,2014,2017-11-04,9,true,2648.2872,279.6183
JM-15655,Jim Mitchum,Corporate,2014-04-08,2014,2017-12-22,5,true,864.9470,117.2040
CS-12400,Christopher Schild,Home Office,2014-09-26,2014,2017-12-28,9,true,3651.8585,-342.8033
MC-17275,Marc Crier,Consumer,2014-09-08,2014,2017-10-15,8,true,2725.9820,461.0014
ME-18010,Michelle Ellison,Corporate,2014-07-21,2014,2017-09-29,4,true,1256.9440,107.3604
AS-10090,Adam Shillingsburg,Consumer,2014-09-22,2014,2017-12-02,9,true,3255.3100,64.5374
RW-19690,Robert Waldorf,Consumer,2016-05-30,2016,2017-10-12,5,true,3495.6460,707.5503
DB-13210,Dean Braden,Consumer,2015-03-22,2015,2017-12-21,10,true,2332.5770,169.9679
MG-17680,Maureen Gastineau,Home Office,2014-10-22,2014,2017-09-29,4,true,2350.1880,25.8886
CB-12025,Cassandra Brandow,Consumer,2014-03-21,2014,2017-11-13,10,true,6076.1390,150.2089
JO-15550,Jesus Ocampo,Home Office,2015-03-19,2015,2017-05-29,5,true,1090.8380,167.6709
JK-15730,Joe Kamberova,Consumer,2014-11-18,2014,2017-10-07,10,true,4867.2000,55.0483
CD-11920,Carlos Daly,Consumer,2014-03-24,2014,2017-11-20,5,true,2033.9680,426.6610
BG-11695,Brooke Gillingham,Corporate,2014-05-11,2014,2017-11-24,6,true,1874.1720,107.5715
LH-17020,Lisa Hazard,Consumer,2014-09-08,2014,2017-05-05,4,true,318.2390,-242.7399
SJ-20500,Shirley Jackson,Consumer,2014-08-31,2014,2017-04-21,5,true,1318.7760,68.0963
BF-11080,Bart Folk,Consumer,2014-11-28,2014,2017-12-05,3,true,272.9500,110.9272
RB-19435,Richard Bierner,Consumer,2014-03-11,2014,2017-12-11,8,true,2663.0860,477.2399
MC-17635,Matthew Clasen,Corporate,2014-11-28,2014,2017-06-24,4,true,795.1540,-247.9435
JG-15310,Jason Gross,Corporate,2016-03-03,2016,2017-12-28,6,true,2240.5800,3.7976
PR-18880,Patrick Ryan,Consumer,2014-09-05,2014,2017-11-24,5,true,1840.1780,247.6226
SR-20425,Sharelle Roach,Home Office,2014-06-14,2014,2017-12-22,5,true,3233.4810,-3333.9144
RD-19930,Russell D'Ascenzo,Consumer,2014-10-03,2014,2017-11-18,4,true,970.9420,35.0574
SC-20020,Sam Craven,Consumer,2014-03-03,2014,2015-11-10,5,true,3362.9636,-317.0508
PT-19090,Pete Takahito,Consumer,2014-09-12,2014,2017-10-20,4,true,160.5720,-20.0508
DO-13645,Doug O'Connell,Consumer,2015-11-07,2015,2017-12-04,7,true,1267.3160,294.0676
AO-10810,Anthony O'Donnell,Corporate,2016-08-16,2016,2016-08-16,1,false,161.2800,12.0960
MV-18190,Mike Vittorini,Consumer,2014-01-30,2014,2017-12-11,7,true,1734.5740,273.8582
JP-15520,Jeremy Pistek,Consumer,2014-08-22,2014,2017-12-22,7,true,3635.5940,757.1802
BN-11515,Bradley Nguyen,Consumer,2014-03-17,2014,2017-12-21,5,true,1459.3440,340.7054
JC-15340,Jasper Cacioppo,Consumer,2014-01-28,2014,2017-09-07,4,true,71.2630,-0.3556
BD-11500,Bradley Drucker,Consumer,2014-02-01,2014,2017-11-25,6,true,4411.2430,1142.1225
LR-16915,Lena Radford,Consumer,2014-08-08,2014,2017-12-04,6,true,5142.8920,535.4764
TW-21025,Tamara Willingham,Home Office,2014-12-22,2014,2017-10-27,7,true,5278.8260,737.3905
MS-17365,Maribeth Schnelling,Consumer,2014-09-09,2014,2017-04-01,10,true,7443.6900,844.9355
SC-20050,Sample Company A,Home Office,2014-03-18,2014,2017-11-20,9,true,4624.5720,1011.7443
AA-10315,Alex Avila,Consumer,2014-03-31,2014,2017-06-29,5,true,5563.5600,-362.8825
KT-16480,Kean Thornton,Consumer,2014-03-10,2014,2017-09-21,10,true,4642.0884,194.0671
FM-14380,Fred McMath,Consumer,2015-07-12,2015,2017-08-07,9,true,2523.2660,191.4898
BD-11320,Bill Donatelli,Consumer,2015-05-31,2015,2017-11-27,12,true,5718.5210,1094.5037
MK-18160,Mike Kennedy,Consumer,2014-12-19,2014,2017-05-04,4,true,1031.6020,227.8338
RB-19645,Robert Barroso,Corporate,2014-08-23,2014,2016-03-22,5,true,221.0840,72.6790
RP-19855,Roy Phan,Corporate,2014-04-05,2014,2017-12-02,8,true,2170.7160,594.5868
MD-17860,Michael Dominguez,Corporate,2014-12-02,2014,2017-11-24,5,true,1204.9100,-4.0403
MB-17305,Maria Bertelson,Consumer,2014-08-08,2014,2017-11-12,10,true,1548.7020,212.4250
GT-14755,Guy Thornton,Consumer,2015-02-18,2015,2017-11-26,4,true,226.4360,-6.1392
TP-21130,Theone Pippenger,Consumer,2015-04-14,2015,2017-12-22,9,true,4454.0560,1129.1261
TH-21235,Tiffany House,Corporate,2014-11-04,2014,2017-09-04,8,true,1022.2010,92.7290
TZ-21580,Tracy Zic,Consumer,2014-11-11,2014,2017-11-25,4,true,1707.2860,224.8887
NP-18700,Nora Preis,Consumer,2014-09-05,2014,2017-08-14,7,true,7903.1825,631.2282
JH-16180,Justin Hirsh,Consumer,2015-05-25,2015,2016-11-21,4,true,2256.3940,-96.9530
ST-20530,Shui Tom,Consumer,2014-02-14,2014,2017-08-27,7,true,433.3400,84.4419
MM-18055,Michelle Moray,Consumer,2014-04-11,2014,2017-10-30,8,true,2749.8810,-520.3443
RF-19345,Randy Ferguson,Corporate,2014-05-20,2014,2016-12-05,8,true,3309.1500,633.7072
TM-21010,Tamara Manning,Consumer,2014-02-21,2014,2017-09-18,8,true,2955.2260,573.3013
SM-20320,Sean Miller,Home Office,2014-03-18,2014,2017-10-12,5,true,25043.0500,-1980.7393
JF-15295,Jason Fortune-,Consumer,2014-03-14,2014,2017-05-19,5,true,955.1240,97.2890
DR-12940,Daniel Raglin,Home Office,2014-03-28,2014,2017-11-10,8,true,8350.8680,2869.0760
EM-13810,Eleni McCrary,Corporate,2015-06-07,2015,2017-08-20,5,true,2567.0100,-133.8275
SP-20920,Susan Pistek,Consumer,2014-11-22,2014,2017-10-21,6,true,3990.6890,14.6924
NB-18580,Nicole Brennan,Corporate,2014-09-26,2014,2014-10-22,2,true,273.8720,24.7888
RD-19720,Roger Demir,Consumer,2014-07-20,2014,2017-12-09,10,true,1419.7370,207.3304
NR-18550,Nick Radford,Consumer,2014-06-07,2014,2017-06-03,5,true,2367.2770,-25.1488
JM-15580,Jill Matthias,Consumer,2016-04-14,2016,2017-12-30,5,true,303.9480,113.1204
DB-13360,Dennis Bolton,Home Office,2014-11-19,2014,2017-04-10,5,true,1081.4660,291.0085
DM-13525,Don Miller,Corporate,2014-07-05,2014,2016-09-05,3,true,1376.7920,199.7688
FC-14245,Frank Carlisle,Home Office,2015-06-13,2015,2017-10-21,7,true,3418.7420,1217.1662
RA-19885,Ruben Ausman,Corporate,2014-04-08,2014,2017-11-17,7,true,3832.3140,1292.8656
PN-18775,Parhena Norris,Home Office,2015-08-07,2015,2017-11-30,8,true,1467.1520,192.0396
CV-12805,Cynthia Voltz,Corporate,2016-05-09,2016,2017-12-25,9,true,2370.3136,98.9975
TT-21070,Ted Trevino,Consumer,2014-05-18,2014,2017-11-29,7,true,4915.6020,751.9567
MK-17905,Michael Kennedy,Corporate,2014-11-18,2014,2017-12-02,8,true,2302.3680,-405.3559
MT-18070,Michelle Tran,Home Office,2014-09-25,2014,2017-06-10,4,true,1319.4498,-23.6763
CM-12385,Christopher Martinez,Consumer,2015-03-16,2015,2017-11-23,4,true,8954.0200,3899.8904
JF-15490,Jeremy Farry,Consumer,2014-10-19,2014,2017-08-31,11,true,1082.9180,-18.0673
EB-13840,Ellis Ballard,Corporate,2014-05-30,2014,2017-10-01,5,true,4358.1280,656.1988
AT-10735,Annie Thurman,Consumer,2014-08-30,2014,2017-12-17,10,true,3831.8640,974.1070
MS-17830,Melanie Seite,Consumer,2014-01-09,2014,2016-10-04,4,true,370.3480,19.4312
GT-14710,Greg Tran,Consumer,2014-05-23,2014,2017-11-24,11,true,11820.1200,2163.4269
SW-20275,Scott Williamson,Consumer,2014-03-10,2014,2017-11-30,6,true,1966.6500,332.8725
KM-16225,Kalyca Meade,Corporate,2015-07-06,2015,2017-12-16,6,true,2260.9580,635.1057
QJ-19255,Quincy Jones,Corporate,2014-03-17,2014,2017-12-05,9,true,6108.3380,1203.6768
CP-12085,Cathy Prescott,Corporate,2014-12-04,2014,2017-10-09,8,true,5402.2540,427.0258
CP-12340,Christine Phan,Corporate,2014-03-17,2014,2017-07-23,8,true,5888.2750,-1850.3029
MS-17770,Maxwell Schwartz,Consumer,2014-07-04,2014,2017-08-31,9,true,3144.6780,280.8584
CL-11890,Carl Ludwig,Consumer,2014-07-26,2014,2017-09-15,4,true,1262.0140,328.0847
MR-17545,Mathew Reese,Home Office,2014-09-03,2014,2017-08-27,4,true,639.1780,162.9363
KH-16330,Katharine Harms,Corporate,2014-04-01,2014,2017-11-20,8,true,3312.8640,454.7871
GW-14605,Giulietta Weimer,Consumer,2014-03-01,2014,2017-12-02,7,true,2189.0190,-268.5423
JB-15400,Jennifer Braxton,Corporate,2014-09-14,2014,2017-12-23,10,true,1791.6050,156.0532
BP-11185,Ben Peterman,Corporate,2015-03-24,2015,2017-12-29,9,true,3675.8610,363.5991
PB-19150,Philip Brown,Consumer,2014-07-14,2014,2017-09-24,8,true,1456.9500,280.6606
AJ-10795,Anthony Johnson,Corporate,2014-05-14,2014,2017-07-17,7,true,4501.3910,1158.7064
EB-13750,Edward Becker,Corporate,2015-03-12,2015,2017-11-25,10,true,3236.3140,-80.2860
CM-12190,Charlotte Melton,Consumer,2015-09-18,2015,2017-12-22,6,true,1475.1440,91.2033
HZ-14950,Henia Zydlo,Consumer,2016-03-14,2016,2017-11-25,5,true,886.5200,-130.3879
MB-18085,Mick Brown,Consumer,2014-01-05,2014,2017-11-16,7,true,1428.2310,117.8057
BF-10975,Barbara Fisher,Corporate,2014-07-14,2014,2017-09-30,7,true,599.7980,227.4384
RB-19705,Roger Barcio,Home Office,2015-08-22,2015,2017-11-06,4,true,2067.4500,243.0755
RH-19600,Rob Haberlin,Consumer,2015-07-02,2015,2016-07-14,3,true,2085.7400,172.6261
ML-17410,Maris LaWare,Consumer,2014-11-14,2014,2017-11-06,6,true,2921.5000,-76.1755
MH-18025,Michelle Huthwaite,Consumer,2014-07-08,2014,2017-11-11,5,true,2984.9480,476.9032
TG-21310,Toby Gnade,Consumer,2015-03-09,2015,2017-01-27,5,true,3058.3720,682.1704
KD-16615,Ken Dana,Corporate,2015-09-13,2015,2017-03-16,5,true,2243.5100,539.7219
RH-19555,Ritsa Hightower,Consumer,2015-12-04,2015,2016-07-29,2,true,740.3820,0.3057
EK-13795,Eileen Kiefer,Home Office,2014-03-18,2014,2017-11-16,4,true,1303.4780,97.1066
BG-11035,Barry Gonzalez,Consumer,2014-11-05,2014,2017-12-02,8,true,2798.9480,-711.4274
TP-21565,Tracy Poddar,Corporate,2015-03-01,2015,2017-01-14,4,true,1936.6400,139.2287
JK-15325,Jason Klamczynski,Corporate,2014-11-21,2014,2017-03-18,3,true,383.8120,55.3277
VP-21760,Victoria Pisteka,Corporate,2014-09-06,2014,2017-10-16,7,true,3360.5260,-1018.7768
AR-10570,Anemone Ratner,Consumer,2016-07-14,2016,2016-07-14,1,false,88.1500,32.6330
SC-20845,Sung Chung,Consumer,2016-11-11,2016,2017-08-21,2,true,280.6320,31.1757
JM-15265,Janet Molinari,Corporate,2014-08-25,2014,2017-11-23,5,true,1804.1460,502.6143
SH-19975,Sally Hughsby,Corporate,2014-12-10,2014,2017-12-01,13,true,3406.8395,558.4740
JK-15640,Jim Kriz,Home Office,2014-09-19,2014,2017-07-03,9,true,4760.4340,1172.5303
FM-14290,Frank Merwin,Home Office,2014-08-26,2014,2017-11-24,9,true,3736.1980,198.1095
SH-20395,Shahid Hopkins,Consumer,2014-11-02,2014,2017-12-07,10,true,2180.7180,-144.5229
TS-21205,Thomas Seio,Corporate,2014-03-21,2014,2017-06-15,7,true,5371.0900,862.8877
SP-20860,Sung Pak,Corporate,2014-12-15,2014,2017-10-12,10,true,4282.9400,566.7226
LS-17245,Lynn Smith,Consumer,2014-10-16,2014,2017-11-26,6,true,1008.1360,348.3584
DP-13165,David Philippe,Consumer,2014-12-02,2014,2015-10-10,2,true,1058.6160,-40.9376
AF-10885,Art Foster,Consumer,2014-05-10,2014,2016-11-10,4,true,861.5650,-163.1175
SM-20005,Sally Matthias,Consumer,2014-11-23,2014,2016-11-04,4,true,244.4940,-26.5927
JJ-15760,Joel Jenkins,Home Office,2015-10-05,2015,2015-12-08,2,true,195.0000,34.4492
PO-19195,Phillina Ober,Home Office,2014-01-04,2014,2017-10-05,5,true,1056.8580,-49.7009
PA-19060,Pete Armstrong,Home Office,2014-05-17,2014,2017-09-18,6,true,729.4080,225.8588
GG-14650,Greg Guthrie,Corporate,2014-10-31,2014,2017-11-17,9,true,2224.0000,12.6985
HR-14830,Harold Ryan,Corporate,2014-11-24,2014,2017-07-24,7,true,5248.7870,1196.9504
IM-15070,Irene Maddox,Consumer,2014-12-19,2014,2016-12-05,7,true,4930.4740,514.6527
DL-12865,Dan Lawera,Consumer,2014-06-29,2014,2017-09-21,8,true,1503.1120,322.2449
ME-17725,Max Engle,Consumer,2014-07-12,2014,2017-12-02,8,true,1908.4532,77.8128
JG-15160,James Galang,Consumer,2014-05-30,2014,2017-12-29,11,true,6366.3920,1415.6664
AG-10900,Arthur Gainer,Consumer,2014-07-23,2014,2017-09-25,10,true,4510.7970,343.6824
RP-19390,Resi Pölking,Consumer,2014-05-24,2014,2017-11-27,12,true,5153.0840,465.2503
FO-14305,Frank Olsen,Consumer,2014-06-09,2014,2017-11-22,10,true,2678.4380,215.5969
LW-17215,Luke Weiss,Consumer,2014-09-12,2014,2017-12-09,7,true,5420.5140,837.2411
YC-21895,Yoseph Carroll,Corporate,2014-11-17,2014,2017-12-26,5,true,5454.3500,1305.6290
JL-15175,James Lanier,Home Office,2014-12-31,2014,2017-12-24,5,true,1571.5230,209.2817
GA-14725,Guy Armstrong,Consumer,2014-02-11,2014,2017-12-25,11,true,1398.3820,136.7079
HR-14770,Hallie Redmond,Home Office,2014-03-01,2014,2017-12-17,5,true,1299.2880,185.5794
JR-15700,Jocasta Rupert,Consumer,2017-10-23,2017,2017-10-23,1,false,863.8800,107.9850
SV-20815,Stuart Van,Corporate,2015-05-04,2015,2017-10-15,4,true,1271.0900,199.6502
ML-17395,Marina Lichtenstein,Corporate,2014-02-14,2014,2017-10-22,9,true,2722.8430,684.9162
JE-15715,Joe Elijah,Consumer,2014-08-25,2014,2017-11-14,10,true,8697.8430,1262.2926
JD-16015,Joy Daniels,Consumer,2014-10-04,2014,2017-09-09,6,true,385.4300,26.7605
BP-11290,Beth Paige,Consumer,2014-10-03,2014,2017-12-18,7,true,2475.1570,-319.0637
WB-21850,William Brown,Consumer,2014-11-04,2014,2017-12-10,11,true,6160.1020,714.3311
SG-20605,Speros Goranitis,Consumer,2014-01-23,2014,2017-09-13,6,true,3124.8320,463.2690
SC-20575,Sonia Cooley,Consumer,2014-06-16,2014,2017-09-29,5,true,902.7280,100.2253
TA-21385,Tom Ashbrook,Home Office,2014-09-12,2014,2017-10-22,4,true,14595.6200,4703.7883
CL-12700,Craig Leslie,Home Office,2016-04-24,2016,2017-09-16,5,true,2353.5860,229.0099
NL-18310,Nancy Lomonaco,Home Office,2014-10-31,2014,2017-11-02,4,true,1418.0900,343.6381
RR-19525,Rick Reed,Corporate,2014-09-09,2014,2017-07-13,6,true,3302.2620,721.6826
JB-16045,Julia Barnett,Home Office,2015-05-03,2015,2017-12-23,5,true,2518.1150,201.5185
KA-16525,Kelly Andreada,Consumer,2014-03-11,2014,2017-11-24,7,true,1519.5060,234.9194
MH-17455,Mark Hamilton,Consumer,2014-07-11,2014,2017-10-06,8,true,2456.1820,484.7733
BS-11665,Brian Stugart,Consumer,2014-06-23,2014,2016-05-27,3,true,3288.1100,238.7368
LS-17200,Luke Schmidt,Corporate,2014-10-18,2014,2017-09-25,6,true,1010.2560,244.1970
LB-16795,Laurel Beltran,Home Office,2014-04-23,2014,2017-07-31,8,true,4985.6760,-52.1910
RB-19330,Randy Bradley,Consumer,2014-11-17,2014,2017-10-23,2,true,1008.1960,-164.4062
TM-21490,Tony Molinari,Consumer,2017-03-30,2017,2017-08-22,3,true,1094.6780,292.5210
TH-21115,Thea Hudgings,Corporate,2014-09-23,2014,2017-11-02,4,true,2942.7720,-252.5539
BW-11065,Barry Weirich,Consumer,2014-05-25,2014,2017-06-01,3,true,385.5160,-58.2866
TC-21145,Theresa Coyne,Corporate,2017-09-15,2017,2017-09-15,1,false,1038.2600,265.5332
AG-10270,Alejandro Grove,Consumer,2014-05-13,2014,2017-03-27,5,true,2582.8980,732.7399
ZD-21925,Zuschuss Donatelli,Consumer,2014-08-27,2014,2017-06-11,5,true,1493.9440,249.1307
RM-19675,Robert Marley,Home Office,2014-11-14,2014,2017-12-24,5,true,5979.0960,1902.5438
DL-13315,Delfina Latchford,Consumer,2014-01-16,2014,2017-12-08,8,true,1458.2580,288.8732
CR-12625,Corey Roper,Home Office,2014-06-01,2014,2016-09-16,3,true,475.9000,144.7594
AB-10060,Adam Bellavance,Home Office,2015-09-18,2015,2017-11-06,8,true,7755.6200,2054.5885
JL-15505,Jeremy Lonsdale,Consumer,2014-11-14,2014,2017-11-11,6,true,3173.8740,591.7163
KH-16510,Keith Herrera,Consumer,2014-08-15,2014,2017-12-08,7,true,5952.8590,656.1162
OT-18730,Olvera Toch,Consumer,2015-04-20,2015,2017-10-26,5,true,3818.6240,-925.1203
RB-19465,Rick Bensley,Home Office,2014-03-14,2014,2017-12-21,12,true,4715.4660,640.5466
JD-16150,Justin Deggeller,Corporate,2014-11-16,2014,2017-11-19,8,true,8828.0305,1619.5199
DJ-13630,Doug Jacobs,Consumer,2015-12-14,2015,2017-12-18,3,true,3356.3980,731.5644
CK-12325,Christine Kargatis,Home Office,2014-03-14,2014,2017-09-01,5,true,2945.3210,261.2209
BV-11245,Benjamin Venier,Corporate,2015-03-26,2015,2017-01-30,5,true,1523.2730,315.2214
RH-19495,Rick Hansen,Consumer,2014-08-23,2014,2017-11-28,5,true,3621.3760,563.7877
PJ-19015,Pauline Johnson,Consumer,2014-04-07,2014,2017-08-18,7,true,1824.2340,682.9979
CK-12760,Cyma Kinney,Corporate,2014-02-07,2014,2017-10-09,9,true,1582.1090,-338.4311
BT-11395,Bill Tyler,Corporate,2014-10-28,2014,2017-03-03,6,true,2186.6130,257.9163
PM-18940,Paul MacIntyre,Consumer,2014-05-04,2014,2016-12-09,3,true,1405.4020,157.8768
BF-11170,Ben Ferrer,Home Office,2014-04-13,2014,2017-12-14,11,true,5907.9720,1538.2127
AH-10075,Adam Hart,Corporate,2014-11-16,2014,2017-11-26,10,true,3250.3370,281.1890
EB-13930,Eric Barreto,Consumer,2014-02-02,2014,2017-07-22,5,true,944.6000,0.6042
RM-19375,Raymond Messe,Consumer,2014-05-11,2014,2017-01-19,6,true,1453.4740,392.1499
PB-19210,Phillip Breyer,Corporate,2014-11-23,2014,2016-02-11,2,true,132.7380,21.8970
LF-17185,Luke Foster,Consumer,2014-07-26,2014,2017-12-08,7,true,3930.5090,-3583.9770
AC-10450,Amy Cox,Consumer,2014-10-31,2014,2017-12-19,7,true,5527.8460,1366.0098
CH-12070,Cathy Hwang,Home Office,2015-06-25,2015,2016-02-08,3,true,1537.2360,195.1511
AM-10705,Anne McFarland,Consumer,2014-10-31,2014,2017-07-21,8,true,5664.0220,1085.7326
CW-11905,Carl Weiss,Home Office,2014-06-09,2014,2017-12-08,6,true,1136.5920,370.8298
MA-17560,Matt Abelman,Home Office,2014-08-08,2014,2017-10-27,11,true,4299.1610,1240.2266
JM-15250,Janet Martin,Consumer,2016-03-29,2016,2017-11-23,6,true,3159.1220,19.8235
EB-13705,Ed Braxton,Corporate,2014-07-08,2014,2017-11-12,9,true,3644.9780,13.6215
NB-18655,Nona Balk,Corporate,2014-12-05,2014,2017-12-11,9,true,1972.5990,117.6429
KH-16360,Katherine Hughes,Consumer,2014-04-29,2014,2017-12-29,6,true,3100.6120,528.2051
DE-13255,Deanra Eno,Home Office,2014-08-22,2014,2016-01-11,5,true,2550.8740,464.4714
JD-15790,John Dryer,Consumer,2015-04-02,2015,2017-09-04,5,true,2152.3520,-266.5525
PS-18970,Paul Stevenson,Home Office,2014-04-15,2014,2017-10-22,8,true,1278.6390,198.5099
TS-21085,Thais Sissman,Consumer,2015-07-19,2015,2017-01-07,2,true,4.8330,-3.3156
MH-17620,Matt Hagelstein,Corporate,2015-12-05,2015,2017-07-28,4,true,1252.8000,122.3612
MW-18220,Mitch Webber,Consumer,2014-08-25,2014,2017-12-13,7,true,5341.9000,1238.4220
TP-21415,Tom Prescott,Consumer,2015-11-28,2015,2017-09-17,5,true,5329.0048,-1087.3898
KW-16570,Kelly Williams,Consumer,2014-09-30,2014,2015-11-20,4,true,449.0960,107.9270
EN-13780,Edward Nazzal,Consumer,2015-05-30,2015,2017-03-18,4,true,2199.3660,496.1131
BF-11215,Benjamin Farhat,Home Office,2014-11-09,2014,2017-10-26,4,true,1585.1620,523.2133
BC-11125,Becky Castell,Home Office,2014-07-06,2014,2017-06-11,9,true,2933.6760,251.5974
RM-19750,Roland Murray,Consumer,2017-03-06,2017,2017-03-06,1,false,98.3500,28.6879
CS-12490,Cindy Schnelling,Corporate,2015-01-12,2015,2016-11-01,4,true,1077.2285,-302.8761
VT-21700,Valerie Takahito,Home Office,2014-06-06,2014,2015-04-05,2,true,1736.5960,-224.0889
TB-21625,Trudy Brown,Consumer,2014-08-06,2014,2017-11-30,9,true,2797.6680,379.8820
AG-10330,Alex Grayson,Consumer,2016-08-03,2016,2017-12-22,5,true,660.9720,-5.1371
LR-17035,Lisa Ryan,Corporate,2014-09-07,2014,2017-08-20,5,true,1879.3060,-382.8079
JS-15685,Jim Sink,Corporate,2016-06-14,2016,2017-11-18,4,true,1131.0640,-54.8692
ER-13855,Elpida Rittenbach,Corporate,2015-12-21,2015,2016-11-04,3,true,1245.7880,-295.7398
JE-16165,Justin Ellison,Corporate,2016-12-05,2016,2017-12-10,3,true,2697.2480,789.6476
MZ-17515,Mary Zewe,Corporate,2014-04-04,2014,2017-03-23,6,true,2564.9060,787.7503
VB-21745,Victoria Brennan,Corporate,2015-07-17,2015,2017-11-06,6,true,2005.5960,371.2398
KH-16630,Ken Heidel,Corporate,2014-11-01,2014,2017-11-02,9,true,3918.9660,727.3786
XP-21865,Xylona Preis,Consumer,2014-01-20,2014,2017-11-17,11,true,2374.6580,621.2300
SS-20590,Sonia Sunley,Consumer,2014-08-05,2014,2016-10-24,6,true,418.4900,135.5401
RL-19615,Rob Lucas,Consumer,2014-12-05,2014,2017-08-31,8,true,6234.9100,488.1484
AB-10165,Alan Barnes,Consumer,2014-11-16,2014,2017-12-05,8,true,1113.8380,220.8130
EG-13900,Emily Grady,Consumer,2015-11-02,2015,2017-12-08,5,true,1832.0200,104.2656
BF-11020,Barry Französisch,Corporate,2014-02-15,2014,2017-10-17,8,true,2888.5060,302.0200
EA-14035,Erin Ashbrook,Corporate,2014-09-13,2014,2017-07-31,13,true,2846.7050,-52.7406
SA-20830,Sue Ann Reed,Consumer,2014-02-22,2014,2017-10-28,10,true,4767.3415,610.1496
GM-14440,Gary McGarr,Consumer,2014-03-21,2014,2017-10-08,7,true,3582.8200,347.2660
SJ-20125,Sanjit Jacobs,Home Office,2015-09-22,2015,2017-09-26,12,true,3949.6560,144.1189
DW-13540,Don Weiss,Consumer,2016-02-27,2016,2017-09-23,5,true,344.0800,69.6672
AP-10915,Arthur Prichep,Consumer,2014-08-23,2014,2017-09-23,10,true,3323.5560,579.3113
BM-11140,Becky Martin,Consumer,2014-09-08,2014,2017-02-26,4,true,11789.6300,-1659.9581
CC-12220,Chris Cortes,Consumer,2014-09-09,2014,2017-12-10,12,true,3913.4180,393.9618
AA-10480,Andrew Allen,Consumer,2014-05-04,2014,2017-04-15,4,true,1790.5120,435.8274
KN-16390,Katherine Nockton,Corporate,2014-12-02,2014,2017-12-11,9,true,2617.2720,-151.1518
CG-12040,Catherine Glotzbach,Home Office,2015-06-01,2015,2017-11-11,6,true,904.4680,86.5106
JS-15940,Joni Sundaresam,Home Office,2014-05-03,2014,2016-09-23,5,true,469.1690,-327.9336
YS-21880,Yana Sorensen,Corporate,2015-01-12,2015,2017-12-21,8,true,6720.4440,1778.2923
PS-18760,Pamela Stobb,Consumer,2014-06-15,2014,2017-09-14,6,true,2181.4790,-134.4410
MY-18295,Muhammed Yedwab,Corporate,2014-04-28,2014,2017-10-20,11,true,4152.6960,-371.7111
ND-18460,Neil Ducich,Corporate,2014-02-06,2014,2017-06-30,6,true,2893.4550,443.3368
SL-20155,Sara Luxemburg,Home Office,2014-09-21,2014,2017-10-21,7,true,3053.0120,527.9715
DA-13450,Dianna Arnett,Home Office,2014-04-25,2014,2017-01-12,4,true,156.7600,56.7904
RK-19300,Ralph Kennedy,Consumer,2015-07-20,2015,2017-09-02,3,true,1460.1920,269.6880
BP-11230,Benjamin Patterson,Consumer,2014-04-20,2014,2017-11-21,5,true,1181.4900,-197.2695
LC-16930,Linda Cazamias,Corporate,2014-02-20,2014,2017-11-19,8,true,4492.9460,288.2660
GM-14455,Gary Mitchum,Home Office,2014-04-11,2014,2017-12-14,6,true,3078.6240,793.2814
AH-10195,Alan Haines,Corporate,2015-03-05,2015,2017-11-05,4,true,1587.4520,-378.5509
Dl-13600,Dorris liebe,Corporate,2014-03-30,2014,2017-09-02,5,true,755.6020,175.2388
JF-15355,Jay Fein,Consumer,2015-10-23,2015,2017-09-16,6,true,1911.8440,330.1990
MT-17815,Meg Tillman,Consumer,2015-11-06,2015,2017-11-11,6,true,2890.1390,509.0068
CA-12055,Cathy Armstrong,Home Office,2015-09-05,2015,2016-11-24,5,true,1679.7240,211.2559
SC-20230,Scot Coram,Corporate,2016-06-06,2016,2017-08-03,4,true,4371.9580,440.1410
RO-19780,Rose O'Brian,Consumer,2015-05-12,2015,2017-11-25,7,true,3815.4780,-1262.5716
CK-12595,Clytie Kelty,Consumer,2014-12-26,2014,2017-11-17,11,true,2372.7500,497.7098
SW-20245,Scot Wooten,Consumer,2014-07-20,2014,2017-10-10,7,true,1085.0780,-19.6062
PJ-18835,Patrick Jones,Corporate,2014-05-28,2014,2017-11-21,8,true,1220.0900,442.1355
TT-21265,Tim Taslimi,Corporate,2015-08-15,2015,2016-11-19,3,true,439.5000,93.9162
SB-20170,Sarah Bern,Consumer,2014-06-06,2014,2017-06-12,3,true,1348.0200,157.6658
DB-12910,Daniel Byrd,Home Office,2014-10-24,2014,2017-12-09,8,true,2171.5990,431.3748
TC-21475,Tony Chapman,Home Office,2014-11-22,2014,2017-07-30,9,true,1244.9760,119.1040
KB-16405,Katrina Bavinger,Home Office,2015-11-20,2015,2017-09-04,3,true,908.8210,274.2970
GH-14410,Gary Hansen,Home Office,2014-07-09,2014,2017-10-16,9,true,2819.4670,-576.8335
TC-20980,Tamara Chand,Corporate,2014-11-07,2014,2016-11-26,5,true,19052.2180,8981.3239
PW-19240,Pierre Wener,Consumer,2014-11-18,2014,2016-09-22,7,true,3922.4150,1290.3540
GB-14575,Giulietta Baptist,Consumer,2015-06-12,2015,2017-12-17,5,true,4716.2880,1135.8393
CM-11815,Candace McMahon,Corporate,2014-11-14,2014,2017-08-21,6,true,1673.8880,214.4630
FC-14335,Fred Chung,Corporate,2014-10-10,2014,2017-06-29,7,true,3889.3660,714.2926
BT-11440,Bobby Trafton,Consumer,2014-06-04,2014,2016-06-18,4,true,603.8760,-77.5256
CR-12820,Cyra Reiten,Home Office,2015-01-24,2015,2017-10-06,3,true,1397.8724,83.2703
GR-14560,Georgia Rosenberg,Corporate,2014-11-19,2014,2014-11-21,2,true,1284.3800,359.8332
AB-10015,Aaron Bergman,Consumer,2014-02-18,2014,2016-11-10,3,true,886.1560,129.3465
FW-14395,Fred Wasserman,Corporate,2015-03-22,2015,2017-01-02,3,true,79.7500,23.4913
CG-12520,Claire Gute,Consumer,2015-10-15,2015,2017-01-26,3,true,1148.7800,169.9344
MP-17965,Michael Paige,Corporate,2015-04-18,2015,2017-10-19,9,true,3983.6420,638.1563
JG-15805,John Grady,Corporate,2014-04-05,2014,2017-05-21,6,true,1507.0180,206.1019
EM-14065,Erin Mull,Consumer,2014-07-22,2014,2017-11-13,4,true,228.9900,40.1546
LC-17140,Logan Currie,Consumer,2014-09-09,2014,2017-12-17,9,true,2633.5820,231.1252
TH-21550,Tracy Hopkins,Home Office,2014-04-05,2014,2017-10-19,7,true,4234.0960,-571.9678
ZC-21910,Zuschuss Carroll,Consumer,2014-10-13,2014,2017-11-06,13,true,8025.7070,-1032.1490
KC-16255,Karen Carlisle,Corporate,2014-09-08,2014,2016-11-18,6,true,2120.9540,846.1217
MO-17500,Mary O'Rourke,Consumer,2014-11-28,2014,2017-10-19,4,true,922.4870,59.3577
KL-16555,Kelly Lampkin,Corporate,2014-06-15,2014,2017-12-14,8,true,5016.4880,-182.7813
GZ-14545,George Zrebassa,Corporate,2014-09-28,2014,2017-07-26,4,true,2454.6220,828.6610
MC-17425,Mark Cousins,Corporate,2014-05-30,2014,2016-11-26,5,true,4432.1380,1802.3903
DB-13270,Deborah Brumfield,Home Office,2014-02-04,2014,2017-11-07,8,true,4655.8970,841.8264
AB-10150,Aimee Bixby,Consumer,2014-03-05,2014,2017-11-19,5,true,966.7100,313.6597
JO-15280,Jas O'Carroll,Consumer,2014-03-31,2014,2017-09-29,6,true,1934.2720,202.1362
CB-12535,Claudia Bergmann,Corporate,2015-01-02,2015,2017-06-16,8,true,4246.4555,1049.5601
BD-11770,Bryan Davis,Consumer,2016-03-10,2016,2017-02-06,6,true,658.4660,141.2650
GH-14485,Gene Hale,Corporate,2015-10-08,2015,2016-12-08,2,true,1361.2440,-95.4498
SN-20710,Steve Nguyen,Home Office,2014-05-06,2014,2017-10-12,7,true,3127.9592,481.7499
HM-14980,Henry MacAllister,Consumer,2015-10-02,2015,2017-04-27,4,true,736.2760,117.2755
CA-12310,Christine Abelman,Corporate,2014-07-19,2014,2017-12-17,4,true,1421.9540,246.0218
DO-13435,Denny Ordway,Consumer,2014-10-03,2014,2017-08-19,9,true,1300.0315,-38.9086
CD-11980,Carol Darley,Consumer,2016-11-24,2016,2017-11-06,3,true,639.7660,-206.7172
NS-18640,Noel Staavos,Corporate,2014-06-25,2014,2017-07-09,13,true,2964.8230,-234.7714
TS-21160,Theresa Swint,Corporate,2014-04-23,2014,2016-08-13,6,true,2163.6240,260.8744
EB-13975,Erica Bern,Corporate,2016-01-04,2016,2017-12-30,4,true,1643.2550,162.8781
PL-18925,Paul Lucas,Home Office,2014-11-01,2014,2017-12-15,5,true,239.4810,-0.7527
BT-11680,Brian Thompson,Consumer,2014-11-28,2014,2017-12-10,7,true,3196.7520,447.7484
NC-18625,Noah Childs,Corporate,2014-10-29,2014,2017-06-09,5,true,1821.7420,-359.0210
SF-20065,Sandra Flanagan,Consumer,2014-09-10,2014,2017-11-01,7,true,763.5460,228.1623
CC-12685,Craig Carroll,Consumer,2014-03-22,2014,2015-10-23,4,true,2854.1150,850.1591
DB-13405,Denny Blanton,Consumer,2015-08-08,2015,2017-06-26,4,true,1711.6920,438.9092
MV-17485,Mark Van Huff,Consumer,2014-01-20,2014,2017-12-03,9,true,1560.0500,189.0258
SC-20680,Steve Carroll,Home Office,2014-11-21,2014,2017-08-26,6,true,1254.6400,370.1578
Dp-13240,Dean percer,Home Office,2014-05-26,2014,2017-10-07,11,true,7198.7610,333.3648
DL-13330,Denise Leinenbach,Consumer,2014-06-23,2014,2017-11-03,4,true,585.0200,222.6812
CA-11965,Carol Adams,Corporate,2014-01-26,2014,2017-09-25,6,true,3789.7228,1143.3817
GM-14695,Greg Maxwell,Corporate,2014-04-05,2014,2017-09-04,3,true,6049.9660,188.7235
SV-20785,Stewart Visinsky,Consumer,2014-04-12,2014,2017-02-13,9,true,4105.3050,485.0272
MG-17695,Maureen Gnade,Consumer,2014-12-26,2014,2016-06-23,3,true,1342.2820,-398.7932
TT-21220,Thomas Thornton,Consumer,2014-09-23,2014,2017-06-30,8,true,1427.0440,278.7371
CM-12235,Chris McAfee,Consumer,2016-05-01,2016,2016-12-10,5,true,2305.7120,365.0387
CS-11860,Cari Schnelling,Consumer,2014-05-02,2014,2017-07-21,6,true,537.6320,105.8275
JK-16090,Juliana Krohn,Consumer,2015-04-21,2015,2017-12-02,3,true,3747.6680,586.6625
EM-14200,Evan Minnotte,Home Office,2015-12-20,2015,2017-07-25,3,true,366.8220,21.7721
MG-18205,Mitch Gastineau,Corporate,2017-04-10,2017,2017-04-10,1,false,16.7390,-1.2453
